<?xml version="1.0" encoding="UTF-8" standalone="yes"?>
<addon id="repository.nachos" name="Nachos" version="1.0" provider-name="Nacho">
	<extension point="xbmc.addon.repository" name="Nachos Applications for Kodi: Repository">
		<info compressed="false">https://github.com/nachokodi/nachos/blob/master/Plugins/addons.xml</info>
		<checksum>https://github.com/nachokodi/nachos/blob/master/Plugins/addons.xml.md5</checksum>
		<datadir zip="true">https://github.com/nachokodi/nachos/tree/master/Plugins</datadir>
	</extension>
	<extension point="xbmc.addon.metadata">
    <description lang="en">This repository has the latest work from Nacho</description>
    <disclaimer lang="en">For help and support ... Please visit our group on Facebook!</disclaimer>
    <language></language>
    <platform>all</platform>
    <license>GNU GENERAL PUBLIC LICENSE. Version 2, June 1991</license>
    <forum></forum>
    <website></website>
    <email></email>
    <source></source>
    <news></news>
    <assets>
        <icon>resources/art/icon.png</icon>
        <fanart>resources/art/fanart.jpg</fanart>
        <screenshot>resources/screenshot-01.jpg</screenshot>
        <screenshot>resources/screenshot-01.jpg</screenshot>
        <screenshot>resources/screenshot-01.jpg</screenshot>
        <screenshot>resources/screenshot-01.jpg</screenshot>        
    </assets>
  </extension>
</addon>